1,Camion 201,Cisco AP,10.117.115.201,n,n,n,n
2,Camion 201,Cisco RO,10.117.116.201,n,n,n,n
3,Camion 201,Dispatch,10.117.123.201,n,n,n,n
4,Camion 201,MEM,10.117.122.201,n,n,n,n
5,Camion 201,UMAN,10.117.126.201,n,n,n,n
6,Camion 201,VIMS,10.117.124.201,n,n,n,n
7,Camion 201,UMAN Replacement,10.117.126.100,n,n,n,n
8,Camion 201,LAB Support,10.117.123.99,n,n,n,n
9,Camion 202,Cisco AP,10.117.115.202,n,n,n,n
10,Camion 202,Cisco RO,10.117.116.202,n,n,n,n
11,Camion 202,Dispatch,10.117.123.202,n,n,n,n
12,Camion 202,MEM,10.117.122.202,n,n,n,n
13,Camion 202,UMAN,10.117.126.202,n,n,n,n
14,Camion 202,VIMS,10.117.124.202,n,n,n,n
15,Camion 202,UMAN Replacement,10.117.126.100,n,n,n,n
16,Camion 202,LAB Support,10.117.123.99,n,n,n,n
17,Camion 203,Cisco AP,10.117.115.203,n,n,n,n
18,Camion 203,Cisco RO,10.117.116.203,n,n,n,n
19,Camion 203,Dispatch,10.117.123.203,n,n,n,n
20,Camion 203,MEM,10.117.122.203,n,n,n,n
21,Camion 203,UMAN,10.117.126.203,n,n,n,n
22,Camion 203,VIMS,10.117.124.203,n,n,n,n
23,Camion 203,UMAN Replacement,10.117.126.100,n,n,n,n
24,Camion 203,LAB Support,10.117.123.99,n,n,n,n
25,Camion 204,Cisco AP,10.117.115.204,n,n,n,n
26,Camion 204,Cisco RO,10.117.116.204,n,n,n,n
27,Camion 204,Dispatch,10.117.123.204,n,n,n,n
28,Camion 204,MEM,10.117.122.204,n,n,n,n
29,Camion 204,UMAN,10.117.126.204,n,n,n,n
30,Camion 204,VIMS,10.117.124.204,n,n,n,n
31,Camion 204,UMAN Replacement,10.117.126.100,n,n,n,n
32,Camion 204,LAB Support,10.117.123.99,n,n,n,n
33,Camion 205,Cisco AP,10.117.115.205,n,n,n,n
34,Camion 205,Cisco RO,10.117.116.205,n,n,n,n
35,Camion 205,Dispatch,10.117.123.205,n,n,n,n
36,Camion 205,MEM,10.117.122.205,n,n,n,n
37,Camion 205,UMAN,10.117.126.205,n,n,n,n
38,Camion 205,VIMS,10.117.124.205,n,n,n,n
39,Camion 205,UMAN Replacement,10.117.126.100,n,n,n,n
40,Camion 205,LAB Support,10.117.123.99,n,n,n,n
41,Camion 206,Cisco AP,10.117.115.206,n,n,n,n
42,Camion 206,Cisco RO,10.117.116.206,n,n,n,n
43,Camion 206,Dispatch,10.117.123.206,n,n,n,n
44,Camion 206,MEM,10.117.122.206,n,n,n,n
45,Camion 206,UMAN,10.117.126.206,n,n,n,n
46,Camion 206,VIMS,10.117.124.206,n,n,n,n
47,Camion 206,UMAN Replacement,10.117.126.100,n,n,n,n
48,Camion 206,LAB Support,10.117.123.99,n,n,n,n
49,Camion 207,Cisco AP,10.117.115.207,n,n,n,n
50,Camion 207,Cisco RO,10.117.116.207,n,n,n,n
51,Camion 207,Dispatch,10.117.123.207,n,n,n,n
52,Camion 207,MEM,10.117.122.207,n,n,n,n
53,Camion 207,UMAN,10.117.126.207,n,n,n,n
54,Camion 207,VIMS,10.117.124.207,n,n,n,n
55,Camion 207,UMAN Replacement,10.117.126.100,n,n,n,n
56,Camion 207,LAB Support,10.117.123.99,n,n,n,n
57,Camion 208,Cisco AP,10.117.115.208,n,n,n,n
58,Camion 208,Cisco RO,10.117.116.208,n,n,n,n
59,Camion 208,Dispatch,10.117.123.208,n,n,n,n
60,Camion 208,MEM,10.117.122.208,n,n,n,n
61,Camion 208,UMAN,10.117.126.208,n,n,n,n
62,Camion 208,VIMS,10.117.124.208,n,n,n,n
63,Camion 208,UMAN Replacement,10.117.126.100,n,n,n,n
64,Camion 208,LAB Support,10.117.123.99,n,n,n,n
65,Camion 209,Cisco AP,10.117.115.209,n,n,n,n
66,Camion 209,Cisco RO,10.117.116.209,n,n,n,n
67,Camion 209,Dispatch,10.117.123.209,n,n,n,n
68,Camion 209,MEM,10.117.122.209,n,n,n,n
69,Camion 209,UMAN,10.117.126.209,n,n,n,n
70,Camion 209,VIMS,10.117.124.209,n,n,n,n
71,Camion 209,UMAN Replacement,10.117.126.100,n,n,n,n
72,Camion 209,LAB Support,10.117.123.99,n,n,n,n
73,Camion 210,Cisco AP,10.117.115.210,n,n,n,n
74,Camion 210,Cisco RO,10.117.116.210,n,n,n,n
75,Camion 210,Dispatch,10.117.123.210,n,n,n,n
76,Camion 210,MEM,10.117.122.210,n,n,n,n
77,Camion 210,UMAN,10.117.126.210,n,n,n,n
78,Camion 210,VIMS,10.117.124.210,n,n,n,n
79,Camion 210,UMAN Replacement,10.117.126.100,n,n,n,n
80,Camion 210,LAB Support,10.117.123.99,n,n,n,n
81,Camion 211,Cisco AP,10.117.115.211,n,n,n,n
82,Camion 211,Cisco RO,10.117.116.211,n,n,n,n
83,Camion 211,Dispatch,10.117.123.211,n,n,n,n
84,Camion 211,MEM,10.117.122.211,n,n,n,n
85,Camion 211,UMAN,10.117.126.211,n,n,n,n
86,Camion 211,VIMS,10.117.124.211,n,n,n,n
87,Camion 211,UMAN Replacement,10.117.126.100,n,n,n,n
88,Camion 211,LAB Support,10.117.123.99,n,n,n,n
89,Camion 212,Cisco AP,10.117.115.212,n,n,n,n
90,Camion 212,Cisco RO,10.117.116.212,n,n,n,n
91,Camion 212,Dispatch,10.117.123.212,n,n,n,n
92,Camion 212,MEM,10.117.122.212,n,n,n,n
93,Camion 212,UMAN,10.117.126.212,n,n,n,n
94,Camion 212,VIMS,10.117.124.212,n,n,n,n
95,Camion 212,UMAN Replacement,10.117.126.100,n,n,n,n
96,Camion 212,LAB Support,10.117.123.99,n,n,n,n
97,Camion 213,Cisco AP,10.117.115.213,n,n,n,n
98,Camion 213,Cisco RO,10.117.116.213,n,n,n,n
99,Camion 213,Dispatch,10.117.123.213,n,n,n,n
100,Camion 213,MEM,10.117.122.213,n,n,n,n
101,Camion 213,UMAN,10.117.126.213,n,n,n,n
102,Camion 213,VIMS,10.117.124.213,n,n,n,n
103,Camion 213,UMAN Replacement,10.117.126.100,n,n,n,n
104,Camion 213,LAB Support,10.117.123.99,n,n,n,n
105,Camion 214,Cisco AP,10.117.115.214,n,n,n,n
106,Camion 214,Cisco RO,10.117.116.214,n,n,n,n
107,Camion 214,Dispatch,10.117.123.214,n,n,n,n
108,Camion 214,MEM,10.117.122.214,n,n,n,n
109,Camion 214,UMAN,10.117.126.214,n,n,n,n
110,Camion 214,VIMS,10.117.124.214,n,n,n,n
111,Camion 214,UMAN Replacement,10.117.126.100,n,n,n,n
112,Camion 214,LAB Support,10.117.123.99,n,n,n,n
113,Camion 215,Cisco AP,10.117.115.215,n,n,n,n
114,Camion 215,Cisco RO,10.117.116.215,n,n,n,n
115,Camion 215,Dispatch,10.117.123.215,n,n,n,n
116,Camion 215,MEM,10.117.122.215,n,n,n,n
117,Camion 215,UMAN,10.117.126.215,n,n,n,n
118,Camion 215,VIMS,10.117.124.215,n,n,n,n
119,Camion 215,UMAN Replacement,10.117.126.100,n,n,n,n
120,Camion 215,LAB Support,10.117.123.99,n,n,n,n
121,Camion 216,Cisco AP,10.117.115.216,n,n,n,n
122,Camion 216,Cisco RO,10.117.116.216,n,n,n,n
123,Camion 216,Dispatch,10.117.123.216,n,n,n,n
124,Camion 216,MEM,10.117.122.216,n,n,n,n
125,Camion 216,UMAN,10.117.126.216,n,n,n,n
126,Camion 216,VIMS,10.117.124.216,n,n,n,n
127,Camion 216,UMAN Replacement,10.117.126.100,n,n,n,n
128,Camion 216,LAB Support,10.117.123.99,n,n,n,n
129,Camion 217,Cisco AP,10.117.115.217,n,n,n,n
130,Camion 217,Cisco RO,10.117.116.217,n,n,n,n
131,Camion 217,Dispatch,10.117.123.217,n,n,n,n
132,Camion 217,MEM,10.117.122.217,n,n,n,n
133,Camion 217,UMAN,10.117.126.217,n,n,n,n
134,Camion 217,VIMS,10.117.124.217,n,n,n,n
135,Camion 217,UMAN Replacement,10.117.126.100,n,n,n,n
136,Camion 217,LAB Support,10.117.123.99,n,n,n,n
137,Camion 218,Cisco AP,10.117.115.218,n,n,n,n
138,Camion 218,Cisco RO,10.117.116.218,n,n,n,n
139,Camion 218,Dispatch,10.117.123.218,n,n,n,n
140,Camion 218,MEM,10.117.122.218,n,n,n,n
141,Camion 218,UMAN,10.117.126.218,n,n,n,n
142,Camion 218,VIMS,10.117.124.218,n,n,n,n
143,Camion 218,UMAN Replacement,10.117.126.100,n,n,n,n
144,Camion 218,LAB Support,10.117.123.99,n,n,n,n
145,Camion 219,Cisco AP,10.117.115.219,n,n,n,n
146,Camion 219,Cisco RO,10.117.116.219,n,n,n,n
147,Camion 219,Dispatch,10.117.123.219,n,n,n,n
148,Camion 219,MEM,10.117.122.219,n,n,n,n
149,Camion 219,UMAN,10.117.126.219,n,n,n,n
150,Camion 219,VIMS,10.117.124.219,n,n,n,n
151,Camion 219,UMAN Replacement,10.117.126.100,n,n,n,n
152,Camion 219,LAB Support,10.117.123.99,n,n,n,n
153,Camion 220,Cisco AP,10.117.115.220,n,n,n,n
154,Camion 220,Cisco RO,10.117.116.220,n,n,n,n
155,Camion 220,Dispatch,10.117.123.220,n,n,n,n
156,Camion 220,MEM,10.117.122.220,n,n,n,n
157,Camion 220,UMAN,10.117.126.220,n,n,n,n
158,Camion 220,VIMS,10.117.124.220,n,n,n,n
159,Camion 220,UMAN Replacement,10.117.126.100,n,n,n,n
160,Camion 220,LAB Support,10.117.123.99,n,n,n,n
161,Camion 221,Cisco AP,10.117.115.32,n,n,n,n
162,Camion 221,Cisco RO,10.117.116.32,n,n,n,n
163,Camion 221,Dispatch,10.117.123.221,n,n,n,n
164,Camion 221,MEM,10.117.122.221,n,n,n,n
165,Camion 221,UMAN,10.117.126.221,n,n,n,n
166,Camion 221,VIMS,10.117.124.221,n,n,n,n
167,Camion 221,UMAN Replacement,10.117.126.100,n,n,n,n
168,Camion 221,LAB Support,10.117.123.99,n,n,n,n
169,Camion 222,Cisco AP,10.117.115.33,n,n,n,n
170,Camion 222,Cisco RO,10.117.116.33,n,n,n,n
171,Camion 222,Dispatch,10.117.123.222,n,n,n,n
172,Camion 222,MEM,10.117.122.222,n,n,n,n
173,Camion 222,UMAN,10.117.126.222,n,n,n,n
174,Camion 222,VIMS,10.117.124.222,n,n,n,n
175,Camion 222,UMAN Replacement,10.117.126.100,n,n,n,n
176,Camion 222,LAB Support,10.117.123.99,n,n,n,n
177,Camion 223,Cisco AP,10.117.115.34,n,n,n,n
178,Camion 223,Cisco RO,10.117.116.34,n,n,n,n
179,Camion 223,Dispatch,10.117.123.223,n,n,n,n
180,Camion 223,MEM,10.117.122.223,n,n,n,n
181,Camion 223,UMAN,10.117.126.223,n,n,n,n
182,Camion 223,VIMS,10.117.124.223,n,n,n,n
183,Camion 223,UMAN Replacement,10.117.126.100,n,n,n,n
184,Camion 223,LAB Support,10.117.123.99,n,n,n,n
185,Camion 224,Cisco AP,10.117.115.35,n,n,n,n
186,Camion 224,Cisco RO,10.117.116.35,n,n,n,n
187,Camion 224,Dispatch,10.117.123.224,n,n,n,n
188,Camion 224,MEM,10.117.122.224,n,n,n,n
189,Camion 224,UMAN,10.117.126.224,n,n,n,n
190,Camion 224,VIMS,10.117.124.224,n,n,n,n
191,Camion 224,UMAN Replacement,10.117.126.100,n,n,n,n
192,Camion 224,LAB Support,10.117.123.99,n,n,n,n
193,Camion 225,Cisco AP,10.117.115.36,n,n,n,n
194,Camion 225,Cisco RO,10.117.116.36,n,n,n,n
195,Camion 225,Dispatch,10.117.123.225,n,n,n,n
196,Camion 225,MEM,10.117.122.225,n,n,n,n
197,Camion 225,UMAN,10.117.126.225,n,n,n,n
198,Camion 225,VIMS,10.117.124.225,n,n,n,n
199,Camion 225,UMAN Replacement,10.117.126.100,n,n,n,n
200,Camion 225,LAB Support,10.117.123.99,n,n,n,n
201,Camion 226,Cisco AP,10.117.115.37,n,n,n,n
202,Camion 226,Cisco RO,10.117.116.37,n,n,n,n
203,Camion 226,Dispatch,10.117.123.226,n,n,n,n
204,Camion 226,MEM,10.117.122.226,n,n,n,n
205,Camion 226,UMAN,10.117.126.226,n,n,n,n
206,Camion 226,VIMS,10.117.124.226,n,n,n,n
207,Camion 226,UMAN Replacement,10.117.126.100,n,n,n,n
208,Camion 226,LAB Support,10.117.123.99,n,n,n,n
209,Camion 227,Cisco AP,10.117.115.62,n,n,n,n
210,Camion 227,Cisco RO,10.117.116.62,n,n,n,n
211,Camion 227,Dispatch,10.117.123.227,n,n,n,n
212,Camion 227,MEM,10.117.122.227,n,n,n,n
213,Camion 227,UMAN,10.117.126.227,n,n,n,n
214,Camion 227,VIMS,10.117.124.227,n,n,n,n
215,Camion 227,UMAN Replacement,10.117.126.100,n,n,n,n
216,Camion 227,LAB Support,10.117.123.99,n,n,n,n
217,Camion 228,Cisco AP,10.117.115.63,n,n,n,n
218,Camion 228,Cisco RO,10.117.116.63,n,n,n,n
219,Camion 228,Dispatch,10.117.123.228,n,n,n,n
220,Camion 228,MEM,10.117.122.228,n,n,n,n
221,Camion 228,UMAN,10.117.126.228,n,n,n,n
222,Camion 228,VIMS,10.117.124.228,n,n,n,n
223,Camion 228,UMAN Replacement,10.117.126.100,n,n,n,n
224,Camion 228,LAB Support,10.117.123.99,n,n,n,n
225,Camion 229,Cisco AP,10.117.115.64,n,n,n,n
226,Camion 229,Cisco RO,10.117.116.64,n,n,n,n
227,Camion 229,Dispatch,10.117.123.229,n,n,n,n
228,Camion 229,MEM,10.117.122.229,n,n,n,n
229,Camion 229,UMAN,10.117.126.229,n,n,n,n
230,Camion 229,VIMS,10.117.124.229,n,n,n,n
231,Camion 229,UMAN Replacement,10.117.126.100,n,n,n,n
232,Camion 229,LAB Support,10.117.123.99,n,n,n,n
233,Camion 230,Cisco AP,10.117.115.65,n,n,n,n
234,Camion 230,Cisco RO,10.117.116.65,n,n,n,n
235,Camion 230,Dispatch,10.117.123.230,n,n,n,n
236,Camion 230,MEM,10.117.122.230,n,n,n,n
237,Camion 230,UMAN,10.117.126.230,n,n,n,n
238,Camion 230,VIMS,10.117.124.230,n,n,n,n
239,Camion 230,UMAN Replacement,10.117.126.100,n,n,n,n
240,Camion 230,LAB Support,10.117.123.99,n,n,n,n
241,Camion 231,Cisco AP,10.117.115.66,n,n,n,n
242,Camion 231,Cisco RO,10.117.116.66,n,n,n,n
243,Camion 231,Dispatch,10.117.123.231,n,n,n,n
244,Camion 231,MEM,10.117.122.231,n,n,n,n
245,Camion 231,UMAN,10.117.126.231,n,n,n,n
246,Camion 231,VIMS,10.117.124.231,n,n,n,n
247,Camion 231,UMAN Replacement,10.117.126.100,n,n,n,n
248,Camion 231,LAB Support,10.117.123.99,n,n,n,n
249,Camion 232,Cisco AP,10.117.115.67,n,n,n,n
250,Camion 232,Cisco RO,10.117.116.67,n,n,n,n
251,Camion 232,Dispatch,10.117.123.232,n,n,n,n
252,Camion 232,MEM,10.117.122.232,n,n,n,n
253,Camion 232,UMAN,10.117.126.232,n,n,n,n
254,Camion 232,VIMS,10.117.124.232,n,n,n,n
255,Camion 232,UMAN Replacement,10.117.126.100,n,n,n,n
256,Camion 232,LAB Support,10.117.123.99,n,n,n,n
257,Camion 233,Cisco AP,10.117.115.68,n,n,n,n
258,Camion 233,Cisco RO,10.117.116.68,n,n,n,n
259,Camion 233,Dispatch,10.117.123.233,n,n,n,n
260,Camion 233,MEM,10.117.122.233,n,n,n,n
261,Camion 233,UMAN,10.117.126.233,n,n,n,n
262,Camion 233,VIMS,10.117.124.233,n,n,n,n
263,Camion 233,UMAN Replacement,10.117.126.100,n,n,n,n
264,Camion 233,LAB Support,10.117.123.99,n,n,n,n
265,Camion 234,Cisco AP,10.117.115.21,n,n,n,n
266,Camion 234,Cisco RO,10.117.116.21,n,n,n,n
267,Camion 234,Dispatch,10.117.123.234,n,n,n,n
268,Camion 234,MEM,10.117.122.234,n,n,n,n
269,Camion 234,UMAN,10.117.126.234,n,n,n,n
270,Camion 234,VIMS,10.117.124.234,n,n,n,n
271,Camion 234,UMAN Replacement,10.117.126.100,n,n,n,n
272,Camion 234,LAB Support,10.117.123.99,n,n,n,n
273,Camion 235,Cisco AP,10.117.115.22,n,n,n,n
274,Camion 235,Cisco RO,10.117.116.22,n,n,n,n
275,Camion 235,Dispatch,10.117.123.235,n,n,n,n
276,Camion 235,MEM,10.117.122.235,n,n,n,n
277,Camion 235,UMAN,10.117.126.235,n,n,n,n
278,Camion 235,VIMS,10.117.124.235,n,n,n,n
279,Camion 235,UMAN Replacement,10.117.126.100,n,n,n,n
280,Camion 235,LAB Support,10.117.123.99,n,n,n,n
281,Camion 236,Cisco AP,10.117.115.23,n,n,n,n
282,Camion 236,Cisco RO,10.117.116.23,n,n,n,n
283,Camion 236,Dispatch,10.117.123.236,n,n,n,n
284,Camion 236,MEM,10.117.122.236,n,n,n,n
285,Camion 236,UMAN,10.117.126.236,n,n,n,n
286,Camion 236,VIMS,10.117.124.236,n,n,n,n
287,Camion 236,UMAN Replacement,10.117.126.100,n,n,n,n
288,Camion 236,LAB Support,10.117.123.99,n,n,n,n
289,Camion 237,Cisco AP,10.117.115.24,n,n,n,n
290,Camion 237,Cisco RO,10.117.116.24,n,n,n,n
291,Camion 237,Dispatch,10.117.123.237,n,n,n,n
292,Camion 237,MEM,10.117.122.237,n,n,n,n
293,Camion 237,UMAN,10.117.126.237,n,n,n,n
294,Camion 237,VIMS,10.117.124.237,n,n,n,n
295,Camion 237,UMAN Replacement,10.117.126.100,n,n,n,n
296,Camion 237,LAB Support,10.117.123.99,n,n,n,n
297,Camion 238,Cisco AP,10.117.115.38,n,n,n,n
298,Camion 238,Cisco RO,10.117.116.38,n,n,n,n
299,Camion 238,Dispatch,10.117.123.238,n,n,n,n
300,Camion 238,MEM,10.117.122.238,n,n,n,n
301,Camion 238,UMAN,10.117.126.238,n,n,n,n
302,Camion 238,VIMS,10.117.124.238,n,n,n,n
303,Camion 238,UMAN Replacement,10.117.126.100,n,n,n,n
304,Camion 238,LAB Support,10.117.123.99,n,n,n,n
305,Camion 240,Cisco AP,10.117.115.70,n,n,n,n
306,Camion 240,Cisco RO,10.117.116.70,n,n,n,n
307,Camion 240,Dispatch,10.117.123.240,n,n,n,n
308,Camion 240,MEM,10.117.122.240,n,n,n,n
309,Camion 240,UMAN,10.117.126.240,n,n,n,n
310,Camion 240,VIMS,10.117.124.240,n,n,n,n
311,Camion 240,UMAN Replacement,10.117.126.100,n,n,n,n
312,Camion 240,LAB Support,10.117.123.99,n,n,n,n
313,Camion 241,Cisco AP,10.117.115.71,n,n,n,n
314,Camion 241,Cisco RO,10.117.116.71,n,n,n,n
315,Camion 241,Dispatch,10.117.123.241,n,n,n,n
316,Camion 241,MEM,10.117.122.241,n,n,n,n
317,Camion 241,UMAN,10.117.126.241,n,n,n,n
318,Camion 241,VIMS,10.117.124.241,n,n,n,n
319,Camion 241,UMAN Replacement,10.117.126.100,n,n,n,n
320,Camion 241,LAB Support,10.117.123.99,n,n,n,n
321,Camion 315,Cisco AP,10.117.115.5,n,n,n,n
322,Camion 315,Cisco RO,10.117.116.5,n,n,n,n
323,Camion 315,Dispatch,10.117.123.115,n,n,n,n
324,Camion 315,MEM,10.117.122.115,n,n,n,n
325,Camion 315,UMAN,10.117.126.135,n,n,n,n
326,Camion 315,VIMS,10.117.124.135,n,n,n,n
327,Camion 315,UMAN Replacement,10.117.126.100,n,n,n,n
328,Camion 315,LAB Support,10.117.123.99,n,n,n,n
329,Camion 316,Cisco AP,10.117.115.6,n,n,n,n
330,Camion 316,Cisco RO,10.117.116.6,n,n,n,n
331,Camion 316,Dispatch,10.117.123.136,n,n,n,n
332,Camion 316,MEM,10.117.122.136,n,n,n,n
333,Camion 316,UMAN,10.117.126.136,n,n,n,n
334,Camion 316,VIMS,10.117.124.136,n,n,n,n
335,Camion 316,UMAN Replacement,10.117.126.100,n,n,n,n
336,Camion 316,LAB Support,10.117.123.99,n,n,n,n
337,Camion 317,Cisco AP,10.117.115.7,n,n,n,n
338,Camion 317,Cisco RO,10.117.116.7,n,n,n,n
339,Camion 317,Dispatch,10.117.123.117,n,n,n,n
340,Camion 317,MEM,10.117.122.117,n,n,n,n
341,Camion 317,UMAN,10.117.126.117,n,n,n,n
342,Camion 317,VIMS,10.117.124.117,n,n,n,n
343,Camion 317,UMAN Replacement,10.117.126.100,n,n,n,n
344,Camion 317,LAB Support,10.117.123.99,n,n,n,n
345,Camion 318,Cisco AP,10.117.115.8,n,n,n,n
346,Camion 318,Cisco RO,10.117.116.8,n,n,n,n
347,Camion 318,Dispatch,10.117.123.118,n,n,n,n
348,Camion 318,MEM,10.117.122.118,n,n,n,n
349,Camion 318,UMAN,10.117.126.118,n,n,n,n
350,Camion 318,VIMS,10.117.124.118,n,n,n,n
351,Camion 318,UMAN Replacement,10.117.126.100,n,n,n,n
352,Camion 318,LAB Support,10.117.123.99,n,n,n,n
353,Pala 10,Cisco AP,10.117.115.110,n,n,n,n
354,Pala 10,Cisco RO,10.117.121.40,n,n,n,n
355,Pala 10,Cisco SW,10.117.114.110,n,n,n,n
356,Pala 10,Cliente Camara fragm,10.117.121.26,n,n,n,n
357,Pala 10,Cliente Receptor GPS1,10.117.121.27,n,n,n,n
358,Pala 10,Cliente Tooth Metrics,10.117.121.28,n,n,n,n
359,Pala 10,Cliente Camara ope,10.117.121.30,n,n,n,n
360,Pala 10,Cliente Receptor GPS2,10.117.121.37,n,n,n,n
361,Pala 10,Cliente ION,10.117.121.38,n,n,n,n
362,Pala 10,Cliente Datalogger MEM Eth0,10.117.122.110,n,n,n,n
363,Pala 10,Cliente PTX Dispatch/Provision,10.117.123.110,n,n,n,n
364,Pala 10,Cliente AC800 Centurion,10.117.121.21,n,n,NAT,n
365,Pala 10,Cliente GUI Centurion,10.117.121.22,n,n,NAT,n
366,Pala 10,Cliente GUI Centurion,10.117.121.23,n,n,NAT,n
367,Pala 11,Cisco AP,10.117.115.111,n,n,n,n
368,Pala 11,Cisco RO,10.117.116.111,n,n,n,n
369,Pala 11,Cisco SW,10.117.114.111,n,n,n,n
370,Pala 11,Cliente Camara fragm,10.117.121.46,n,n,n,n
371,Pala 11,Cliente Receptor GPS1,10.117.121.47,n,n,n,n
372,Pala 11,Cliente Tooth Metrics,10.117.121.48,n,n,n,n
373,Pala 11,Cliente Camara ope,10.117.121.50,n,n,n,n
374,Pala 11,Cliente Receptor GPS2,10.117.121.57,n,n,n,n
375,Pala 11,Cliente ION,10.117.121.58,n,n,n,n
376,Pala 11,Cliente Datalogger MEM Eth0,10.117.122.111,n,n,n,n
377,Pala 11,Cliente PTX Dispatch/Provision,10.117.123.111,n,n,n,n
378,Pala 11,Cliente PLC Medicion,10.117.124.102,n,n,n,n
379,Pala 11,Cliente AC800 Centurion,10.117.121.41,n,n,NAT,n
380,Pala 11,Cliente GUI Centurion,10.117.121.42,n,n,NAT,n
381,Pala 11,Cliente GUI Centurion,10.117.121.43,n,n,NAT,n
382,Pala 12,Cisco AP,10.117.115.112,n,n,n,n
383,Pala 12,Cisco RO,10.117.121.80,n,n,n,n
384,Pala 12,Cisco SW,10.117.114.112,n,n,n,n
385,Pala 12,Cliente Camara fragm,10.117.121.66,n,n,n,n
386,Pala 12,Cliente Receptor GPS1,10.117.121.67,n,n,n,n
387,Pala 12,Cliente Tooth Metrics,10.117.121.68,n,n,n,n
388,Pala 12,Cliente Camara ope,10.117.121.70,n,n,n,n
389,Pala 12,Cliente Receptor GPS2,10.117.121.77,n,n,n,n
390,Pala 12,Cliente ION,10.117.121.78,n,n,n,n
391,Pala 12,Clente Datalogger MEM Eth0,10.117.122.112,n,n,n,n
392,Pala 12,Cliente PTX Dispatch/Provision,10.117.123.112,n,n,n,n
393,Pala 12,Cliente AC800 Centurion,10.117.121.61,n,n,NAT,n
394,Pala 12,Cliente GUI Centurion,10.117.121.62,n,n,NAT,n
395,Pala 12,Cliente GUI Centurion,10.117.121.63,n,n,NAT,n
396,Pala 21,Cisco AP,10.117.115.121,n,n,n,n
397,Pala 21,Cisco RO,10.117.121.120,n,n,n,n
398,Pala 21,Cisco SW,10.117.114.121,n,n,n,n
399,Pala 21,Cliente Camara fragm,10.117.121.106,n,n,n,n
400,Pala 21,Cliente Receptor GPS1,10.117.121.107,n,n,n,n
401,Pala 21,Cliente Tooth Metrics,10.117.121.108,n,n,n,n
402,Pala 21,Cliente Camara ope,10.117.121.110,n,n,n,n
403,Pala 21,Cliente Receptor GPS2,10.117.121.117,n,n,n,n
404,Pala 21,Cliente ION,10.117.121.118,n,n,n,n
405,Pala 21,Clente Datalogger MEM Eth0,10.117.122.121,n,n,n,n
406,Pala 21,Cliente PTX Dispatch/Provision,10.117.123.121,n,n,n,n
407,Pala 21,Cliente AC800 Centurion,10.117.121.101,n,n,NAT,n
408,Pala 21,Cliente GUI Centurion,10.117.121.102,n,n,NAT,n
409,Pala 21,Cliente GUI Centurion,10.117.121.103,n,n,NAT,n
410,Pala 21,Cliente CAMARA TERMICA Host 1 / Propel,10.117.121.104,n,n,NAT,n
411,Pala 21,Cliente CAMARA TERMICA Host 2,10.117.121.105,n,n,NAT,n
412,Pala 21,Cliente CAMARA TERMICA Swing,10.117.121.109,n,n,NAT,n
413,Pala 21,Cliente SKF IMX 1,10.117.121.111,n,n,NAT,n
414,Pala 21,Cliente SKF IMX 2,10.117.121.112,n,n,NAT,n
415,Pala 21,Cliente SKF IMX 3,10.117.121.113,n,n,NAT,n
416,Pala 21,Cliente SKF IMX 4,10.117.121.114,n,n,NAT,n
417,Pala 21,Cliente PLC Medicion,10.117.121.115,n,n,NAT,n
418,Pala 21,Cliente CAMARA TERMICA Crowd /Propel 2,10.117.121.116,n,n,NAT,n
419,Pala 21,Cliente CAMARA TERMICA Sala de maquinas,10.117.121.119,n,n,NAT,n
420,Pala 22,Cisco AP,10.117.115.122,n,n,n,n
421,Pala 22,Cisco RO,10.117.121.140,n,n,n,n
422,Pala 22,Cisco SW,10.117.114.122,n,n,n,n
423,Pala 22,Cliente Camara fragm,10.117.121.126,n,n,n,n
424,Pala 22,Cliente Receptor GPS1,10.117.121.126,n,n,n,n
425,Pala 22,Cliente Tooth Metrics,10.117.121.128,n,n,n,n
426,Pala 22,Cliente Camara ope,10.117.121.130,n,n,n,n
427,Pala 22,Cliente Receptor GPS2,10.117.121.137,n,n,n,n
428,Pala 22,Cliente ION,10.117.121.138,n,n,n,n
429,Pala 22,Clente Datalogger MEM Eth0,10.117.122.122,n,n,n,n
430,Pala 22,Cliente PTX Dispatch/Provision,10.117.123.122,n,n,n,n
431,Pala 22,Cliente PLC Medicion,10.117.124.106,n,n,n,n
432,Pala 22,Cliente AC800 Centurion,10.117.121.121,n,n,NAT,n
433,Pala 22,Cliente GUI Centurion,10.117.121.122,n,n,NAT,n
434,Pala 22,Cliente GUI Centurion,10.117.121.123,n,n,NAT,n
435,Pala 18,Cisco AP,10.117.115.180,n,n,n,n
436,Pala 18,Cisco RO,10.117.116.180,n,n,n,n
437,Pala 18,Cliente Dispatch,10.117.123.180,n,n,n,n
438,Pala 18,Cliente VIMS,10.117.124.118,n,n,n,n
439,Pala 19,Cisco AP,10.117.115.181,n,n,n,n
440,Pala 19,Cisco RO,10.117.116.181,n,n,n,n
441,Pala 19,Cliente Payload,10.117.121.151,n,n,n,n
442,Pala 19,Cliente Camara ope,10.117.121.152,n,n,n,n
443,Pala 19,Cliente Dispatch,10.117.123.181,n,n,n,n
444,Pala 19,Cliente VIMS,10.117.124.119,n,n,n,n
445,Pala 23,Cisco AP,10.117.115.182,n,n,n,n
446,Pala 23,Cisco RO,10.117.116.182,n,n,n,n
447,Pala 23,Cliente Dispatch,10.117.123.181,n,n,n,n
448,Pala 23,Cliente VIMS,10.117.124.119,n,n,n,n
449,Pala 23,Cliente Camara ope,10.117.126.21,n,n,n,n
450,Pala 60,Cisco AP,10.117.115.183,n,n,n,n
451,Pala 60,Cisco RO,10.117.116.183,n,n,n,n
452,Pala 60,Cisco SW,10.117.114.183,n,n,n,n
453,Pala 60,Cliente Dispatch,10.117.123.183,n,n,n,n
454,Pala 60,Cliente PLE,10.117.124.160,n,n,n,n
455,Pala 60,Cliente Camara ope,10.117.126.1,n,n,n,n
456,Pala 60,Cliente Receptor GPS1,10.117.126.2,n,n,n,n
457,Pala 60,Cliente Receptor GPS2,10.117.126.3,n,n,n,n
458,Pala 61,Cisco AP,10.117.115.184,n,n,n,n
459,Pala 61,Cisco RO,10.117.116.184,n,n,n,n
460,Pala 61,Cisco SW,10.117.114.184,n,n,n,n
461,Pala 61,Cliente Dispatch,10.117.123.184,n,n,n,n
462,Pala 61,Cliente PLE,10.117.124.161,n,n,n,n
463,Pala 61,Cliente Camara ope,10.117.126.11,n,n,n,n
464,Pala 61,Cliente Receptor GPS1,10.117.126.12,n,n,n,n
465,Pala 61,Cliente Receptor GPS2,10.117.126.13,n,n,n,n
466,Aljibe 10,Cisco AP,10.117.115.160,n,n,n,n
467,Aljibe 10,Cisco RO,10.117.116.160,n,n,n,n
468,Aljibe 10,Cliente Dispatch,10.117.123.160,n,n,n,n
469,Aljibe 10,Cliente Datalogger MEM Eth0,10.117.122.160,n,n,n,n
470,Aljibe 10,Cliente VIMS,10.117.124.110,n,n,n,n
471,Aljibe 11,Cisco AP,10.117.115.161,n,n,n,n
472,Aljibe 11,Cisco RO,10.117.116.161,n,n,n,n
473,Aljibe 11,Cliente Dispatch,10.117.123.161,n,n,n,n
474,Aljibe 11,Cliente Datalogger MEM Eth0,10.117.122.161,n,n,n,n
475,Aljibe 11,Cliente VIMS,10.117.124.111,n,n,n,n
476,Aljibe 13,Cisco AP,10.117.115.163,n,n,n,n
477,Aljibe 13,Cisco RO,10.117.116.163,n,n,n,n
478,Aljibe 13,Cliente Dispatch,10.117.123.163,n,n,n,n
479,Aljibe 13,Cliente VIMS,10.117.124.113,n,n,n,n
480,Aljibe 14,Cisco AP,10.117.115.164,n,n,n,n
481,Aljibe 14,Cisco RO,10.117.116.164,n,n,n,n
482,Aljibe 14,Cliente Dispatch,10.117.123.164,n,n,n,n
483,Aljibe 14,Cliente VIMS,10.117.124.114,n,n,n,n
484,Aljibe 15,Cisco AP,10.117.115.165,n,n,n,n
485,Aljibe 15,Cisco RO,10.117.116.165,n,n,n,n
486,Aljibe 15,Cliente Dispatch,10.117.123.165,n,n,n,n
487,Aljibe 15,Cliente VIMS,10.117.124.115,n,n,n,n
488,Aljibe 16,Cisco AP,10.117.115.166,n,n,n,n
489,Aljibe 16,Cisco RO,10.117.116.166,n,n,n,n
490,Aljibe 16,Cliente Dispatch,10.117.123.166,n,n,n,n
491,Aljibe 16,Cliente VIMS,10.117.124.116,n,n,n,n
