21337,accqa.candelaria.cl,Certificados Candelaria,Up,18371,Ping,61 msec
21338,Certificado VPN Fortigate Conc,Certificados Candelaria,Up,15977,SSL Certificate,127 #
21339,Certificado VPN Fortigate Adm,Certificados Candelaria,Up,15975,SSL Certificate,129 #
21340,Certificado VPN Fortigate Ojos,Certificados Candelaria,Up,15979,SSL Certificate,135 #
21341,acc.candelaria.cl,Certificados Candelaria,Up,17890,SSL Certificate,151 #
21342,Certificado ISE01 - Admin Role,Certificados Candelaria,Up,15963,SSL Certificate,203 #
21343,Certificado ISE02 - Admin Role,Certificados Candelaria,Up,15967,SSL Certificate,203 #
21344,Certificado ISE03 - Admin Role,Certificados Candelaria,Up,15971,SSL Certificate,203 #
21345,Certificado CUCM - PUB,Certificados Candelaria,Up,15981,SSL Certificate,203 #
21346,Certificado Contact Center,Certificados Candelaria,Up,15983,SSL Certificate,203 #
21347,Certificado Expressway-C,Certificados Candelaria,Up,17331,SSL Certificate,203 #
21348,Certificado Expressway-E,Certificados Candelaria,Up,17333,SSL Certificate,203 #
21349,BeyondTrust - prachile.lundinmining.com,Certificados Candelaria,Up,15961,SSL Certificate,266 #
21350,prachile.lundinmining.com,Certificados Candelaria,Up,17422,SSL Certificate,266 #
21351,Certificado ISE01 - Guest Portal,Certificados Candelaria,Up,15965,SSL Certificate,312 #
21352,Certificado ISE02 - Guest Portal,Certificados Candelaria,Up,15969,SSL Certificate,312 #
21353,Certificado ISE03 - Guest Portal,Certificados Candelaria,Up,15973,SSL Certificate,312 #
21354,accqa.candelaria.cl,Certificados Candelaria,Up,17888,SSL Certificate,368 #
21355,ISE01,Servidores ISE y PRIME,Up,18018,Ping,0 msec
21356,ISE02,Servidores ISE y PRIME,Up,18026,Ping,0 msec
21357,ISE03,Servidores ISE y PRIME,Up,18041,Servicio Web,1 msec
21358,Cisco Prime IT,Servidores ISE y PRIME,Up,18043,Ping,0 msec
21359,Cisco Prime OT - Virtual IP,Servidores ISE y PRIME,Up,18045,Ping,0 msec
21360,Cisco Prime OT - Virtual IP,Servidores ISE y PRIME,Up,18051,Servicio Web,0 msec
21361,Cisco Prime OT - Admin,Servidores ISE y PRIME,Up,18047,Ping,0 msec
21362,Cisco Prime OT - Conce,Servidores ISE y PRIME,Up,18049,Ping,0 msec
21363,ISE03,Servidores ISE y PRIME,Up,18025,Ping,0 msec
21364,ISE01,Servidores ISE y PRIME,Up,18039,Servicio Web,1 msec
21365,Cisco Prime IT,Servidores ISE y PRIME,Up,18050,Servicio Web,0 msec
21366,ISE02,Servidores ISE y PRIME,Up,18040,Servicio Web,0 msec
21367,10.224.116.10 (CCUM-PUB),Telefonia IP,Up,8683,PING 61,0 msec
21368,10.224.116.11 (CCUM-SUB1),Telefonia IP,Up,8698,PING 62,0 msec
21369,10.224.116.75 (CCUM-SUB2),Telefonia IP,Up,8700,PING 63,0 msec
21370,10.224.116.80 (CUC-SUB),Telefonia IP,Up,17980,Ping,0 msec
21371,10.224.116.41 (UCCX01),Telefonia IP,Up,17985,Ping,0 msec
21372,VOICE-GW-CONCE,Telefonia IP,Up,17961,Ping,0 msec
21373,10.224.116.15 (CUC-PUB),Telefonia IP,Up,17965,Ping,0 msec
21374,VOICE-GW-ADMIN,Telefonia IP,Up,17959,Ping,0 msec
21375,10.224.116.10 (CCUM-PUB),Telefonia IP,Up,8689,Disk Free: /common,5 %
21376,10.224.116.11 (CCUM-SUB1),Telefonia IP,Up,17956,HTTP,87 msec
21377,10.224.116.10 (CCUM-PUB),Telefonia IP,Up,17955,HTTP,14 msec
21378,10.224.116.11 (CCUM-SUB1),Telefonia IP,Up,8710,Disk Free: /,9 %
21379,10.224.116.75 (CCUM-SUB2),Telefonia IP,Up,8720,Disk Free: /,9 %
21380,10.224.116.10 (CCUM-PUB),Telefonia IP,Up,8687,Disk Free: /,9 %
21381,10.224.116.75 (CCUM-SUB2),Telefonia IP,Up,17957,HTTP,10 msec
21382,10.224.116.41 (UCCX01),Telefonia IP,Up,17994,CPU Load,24 %
21383,10.224.116.41 (UCCX01),Telefonia IP,Up,17990,Disk Free: /,18 %
21384,10.224.116.15 (CUC-PUB),Telefonia IP,Up,17973,CPU Load,20 %
21385,10.224.116.41 (UCCX01),Telefonia IP,Up,17999,HTTP,16 msec
21386,10.224.116.41 (UCCX01),Telefonia IP,Up,17995,Memory: Physical RAM,24 %
21387,10.224.116.75 (CCUM-SUB2),Telefonia IP,Up,8725,Memory: Physical RAM,28 %
21388,10.224.116.15 (CUC-PUB),Telefonia IP,Up,17978,HTTPS,29 msec
21389,10.224.116.11 (CCUM-SUB1),Telefonia IP,Up,8715,Memory: Physical RAM,31 %
21390,10.224.116.10 (CCUM-PUB),Telefonia IP,Up,8692,Memory: Physical RAM,33 %
21391,10.224.116.80 (CUC-SUB),Telefonia IP,Up,17983,HTTPS,31 msec
21392,10.224.116.80 (CUC-SUB),Telefonia IP,Up,18010,CPU Load,36 %
21393,10.224.116.15 (CUC-PUB),Telefonia IP,Up,17974,Memory: Physical RAM,37 %
21394,10.224.116.15 (CUC-PUB),Telefonia IP,Up,17972,Disk Free: /common,39 %
21395,10.224.116.80 (CUC-SUB),Telefonia IP,Up,18008,Disk Free: /common,40 %
21396,10.224.116.10 (CCUM-PUB),Telefonia IP,Up,8691,CPU Load 31,41 %
21397,10.224.116.11 (CCUM-SUB1),Telefonia IP,Up,8714,CPU Load 32,64 %
21398,10.224.116.41 (UCCX01),Telefonia IP,Up,17992,Disk Free: /common,47 %
21399,10.224.116.80 (CUC-SUB),Telefonia IP,Up,18011,Memory: Physical RAM,53 %
21400,10.224.116.11 (CCUM-SUB1),Telefonia IP,Up,8712,Disk Free: /common,56 %
21401,10.224.116.15 (CUC-PUB),Telefonia IP,Up,17971,Disk Free: /grub,57 %
21402,10.224.116.80 (CUC-SUB),Telefonia IP,Up,18009,Disk Free: /grub,57 %
21403,10.224.116.75 (CCUM-SUB2),Telefonia IP,Up,8722,Disk Free: /common,59 %
21404,10.224.116.80 (CUC-SUB),Telefonia IP,Up,18006,Disk Free: /,61 %
21405,10.224.116.15 (CUC-PUB),Telefonia IP,Up,17969,Disk Free: /,61 %
21406,10.224.116.80 (CUC-SUB),Telefonia IP,Up,18007,Disk Free: /partB,67 %
21407,10.224.116.15 (CUC-PUB),Telefonia IP,Up,17970,Disk Free: /partB,68 %
21408,10.224.116.75 (CCUM-SUB2),Telefonia IP,Up,8724,CPU Load 33,56 %
21409,10.224.116.10 (CCUM-PUB),Telefonia IP,Up,8690,Disk Free: /grub,96 %
21410,10.224.116.11 (CCUM-SUB1),Telefonia IP,Up,8713,Disk Free: /grub,96 %
21411,10.224.116.41 (UCCX01),Telefonia IP,Up,17993,Disk Free: /grub,96 %
21412,10.224.116.75 (CCUM-SUB2),Telefonia IP,Up,8723,Disk Free: /grub,96 %
21413,10.224.116.10 (CCUM-PUB),Telefonia IP,Up,8688,Disk Free: /partB,>99 %
21414,10.224.116.11 (CCUM-SUB1),Telefonia IP,Up,8711,Disk Free: /partB,>99 %
21415,10.224.116.75 (CCUM-SUB2),Telefonia IP,Up,8721,Disk Free: /partB,>99 %
21416,10.224.116.41 (UCCX01),Telefonia IP,Up,17991,Disk Free: /partB,>99 %
21417,10.224.116.41 (UCCX01),Telefonia IP,Up,17987,(001) eth0 Traffic,42 kbit/s
21418,10.224.116.80 (CUC-SUB),Telefonia IP,Up,18004,(001) eth0 Traffic,92 kbit/s
21419,10.224.116.15 (CUC-PUB),Telefonia IP,Up,17967,(001) eth0 Traffic,102 kbit/s
21420,10.224.116.75 (CCUM-SUB2),Telefonia IP,Up,8719,(002) eth0,109 kbit/s
21421,10.224.116.11 (CCUM-SUB1),Telefonia IP,Up,8709,(002) eth0,268 kbit/s
21422,10.224.116.10 (CCUM-PUB),Telefonia IP,Up,8686,(002) eth0,195 kbit/s
21423,10.224.116.80 (CUC-SUB),Telefonia IP,Up,18003,Uptime,65 d
21424,10.224.116.15 (CUC-PUB),Telefonia IP,Up,17966,Uptime,65 d
21425,10.224.116.10 (CCUM-PUB),Telefonia IP,Up,8684,Uptime 160,72 d
21426,10.224.116.75 (CCUM-SUB2),Telefonia IP,Up,8717,Uptime 162,77 d
21427,10.224.116.11 (CCUM-SUB1),Telefonia IP,Up,8707,Uptime 161,77 d
21428,10.224.116.41 (UCCX01),Telefonia IP,Up,17986,Uptime,177 d
21429,WLC 9800 MESH,Controladoras Inalambricas,Paused  (paused),18059,Estado HA,-
21430,WLC 9800 MESH,Controladoras Inalambricas,Up,14065,Ping,0 msec
21431,WLC 9800 NEGOCIO,Controladoras Inalambricas,Up,17453,Ping,0 msec
21432,WLC 9800 NEGOCIO,Controladoras Inalambricas,Up,18058,Estado HA,1 #
21433,WLC 9800 MESH,Controladoras Inalambricas,Up,18054,System Health CPU,32 %
21434,WLC 9800 NEGOCIO,Controladoras Inalambricas,Up,18366,System Health CPU,43 %
21435,WLC 9800 MESH,Controladoras Inalambricas,Up,18056,Cantidad de AP registrados,43 #
21436,WLC 9800 NEGOCIO,Controladoras Inalambricas,Up,17456,Cantidad de AP registrados,114 #
21437,WLC 9800 MESH,Controladoras Inalambricas,Up,18057,SNMP System Uptime,7 d 11 h
21438,WLC 9800 NEGOCIO,Controladoras Inalambricas,Up,17458,SNMP System Uptime,104 d
21439,WLC 9800 NEGOCIO,Controladoras Inalambricas,Up,17455,System Health Memory,3.534 MB
21440,WLC 9800 MESH,Controladoras Inalambricas,Up,18055,System Health Memory,11.741 MB
21441,PCORE ADM,LTE CORE,Up,14637,Ping PCORE ADM,0 msec
21442,PCORE ADM,LTE CORE,Up,14680,EPC ADM Status,0 #/s
21443,PCORE CONC,LTE CORE,Up,14640,Ping PCORE CONC,0 msec
21444,IMS,LTE CORE,Up,14642,Ping IMS,0 msec
21445,IMS,LTE CORE,Up,14684,IMS Status,0 #/s
21446,HSS,LTE CORE,Up,14644,Ping HSS,0 msec
21447,RADIUS,LTE CORE,Up,14646,Ping RADIUS,0 msec
21448,CLCAN-C9300-01-LTE_ADM,LTE CORE,Up,14651,Ping CLCAN-C9300-01-LTE_ADM,0 msec
21449,CLCAN-IE5000-02-LTE_C.SUR,LTE CORE,Up,14654,Ping CLCAN-IE5000-02-LTE_C.SUR,1 msec
21450,BBU_1-SUP_ADM,LTE CORE,Up,14656,Ping BBU_1-SUP_ADM,0 msec
21451,BBU_2-SUP_CONC,LTE CORE,Up,14660,Ping Device BBU_2-SUP_CONC,0 msec
21452,BBU_4-UG_CSUR,LTE CORE,Up,14662,Ping BBU_4-UG_CSUR,0 msec
21453,LTEVM01 - 10.228.5.60,LTE CORE,Up,18336,Ping,0 msec
21454,LTEVM02 - 10.228.5.61,LTE CORE,Up,18341,Ping,0 msec
21455,BBU_1-SUP_ADM,LTE CORE,Up,14679,BBU Status,0,02 #/s
21456,BBU_2-SUP_CONC,LTE CORE,Up,14682,BBU 2 Status,0,02 #/s
21457,BBU_3-UG_CSUR,LTE CORE,Up,14683,BBU 3 Status,0,02 #/s
21458,CLCAN-C9300-02-LTE_CONC,LTE CORE,Up,14652,Ping CLCAN-C9300-02-LTE_CONC,0 msec
21459,BBU_3-UG_CSUR,LTE CORE,Up,14661,Ping BBU_3-UG_CSUR,0 msec
21460,LTEVM02 - 10.228.5.61,LTE CORE,Up,18361,CLCAN-LTE-MANAGEMENT-02,0,33 %
21461,LTEVM02 - 10.228.5.61,LTE CORE,Up,18358,036v001890u1,0,58 %
21462,BBU_5-UG_CIVICO_CN,LTE CORE,Up,14956,Ping BBU_5-UG_CIVICO_CN,1 msec
21463,BBU_6-UG_CIVICO_CN,LTE CORE,Up,14958,Ping BBU_6-UG_CIVICO_CN,1 msec
21464,CLCAN-IE4000-01-CIVICO-CNORTE,LTE CORE,Up,14960,Ping CLCAN-IE4000-01-CIVICO-CNORTE,0 msec
21465,CLCAN-IE4000-02-CIVICO-CNORTE,LTE CORE,Up,14962,Ping CLCAN-IE4000-02-CIVICO-CNORTE,1 msec
21466,CLCAN-IE5000-01-LTE_C.SUR,LTE CORE,Up,14653,Ping CLCAN-IE5000-01-LTE_C.SUR,1 msec
21467,LTEVM01 - 10.228.5.60,LTE CORE,Up,18348,036v001890u0,1,51 %
21468,LTEVM01 - 10.228.5.60,LTE CORE,Up,18351,CLCAN-LTE-MANAGEMENT-01,0,92 %
21469,LTEVM02 - 10.228.5.61,LTE CORE,Up,18360,036z001890y1,2,73 %
21470,LTEVM02 - 10.228.5.61,LTE CORE,Up,18362,CLCAN-LTE-SERVICES-02,2,86 %
21471,LTEVM01 - 10.228.5.60,LTE CORE,Up,18352,CLCAN-LTE-SERVICES-01,3,09 %
21472,LTEVM02 - 10.228.5.61,LTE CORE,Up,18354,clcan-lte-esxi-02.eco-tel.co [Host Performance],3,88 %
21473,LTEVM01 - 10.228.5.60,LTE CORE,Up,18344,clcan-lte-esxi-01.eco-tel.co [Host Performance],6,25 %
21474,LTEVM02 - 10.228.5.61,LTE CORE,Up,18353,HTTPS,8 msec
21475,LTEVM01 - 10.228.5.60,LTE CORE,Up,18350,036z001890y0,8,78 %
21476,LTEVM01 - 10.228.5.60,LTE CORE,Up,18339,HTTPS,8 msec
21477,LTEVM01 - 10.228.5.60,LTE CORE,Up,18349,036z001888y0,11,26 %
21478,LTEVM02 - 10.228.5.61,LTE CORE,Up,18359,036z001889y0,11,4 %
21479,LTEVM01 - 10.228.5.60,LTE CORE,Up,18346,Datastore Free: BOOT_NVME,97,642 %
21480,LTEVM02 - 10.228.5.61,LTE CORE,Up,18356,Datastore Free: BOOT_NVME,97,642 %
21481,LTEVM02 - 10.228.5.61,LTE CORE,Up,18357,Datastore Free: RAID6,98,779 %
21482,LTEVM01 - 10.228.5.60,LTE CORE,Up,18347,Datastore Free: RAID6,98,847 %
21483,LTEVM01 - 10.228.5.60,LTE CORE,Warning,18345,clcan-lte-esxi-01.eco-tel.co [Hardware Status],143 #
21484,LTEVM02 - 10.228.5.61,LTE CORE,Warning,18355,clcan-lte-esxi-02.eco-tel.co [Hardware Status],143 #
21485,LTEVM01 - 10.228.5.60,LTE CORE,Warning,18338,SSL Certificate Sensor (Port 443),3.041 #
21486,LTEVM02 - 10.228.5.61,LTE CORE,Warning,18343,SSL Certificate Sensor (Port 443),3.041 #
21487,LTEVM01 - 10.228.5.60,LTE CORE,Up,18337,SSL Security Check (Port 443),Only Strong Protocols Available
21488,LTEVM02 - 10.228.5.61,LTE CORE,Up,18342,SSL Security Check (Port 443),Only Strong Protocols Available
21489,CLCANASMSOT01 - 10.225.11.250,CCTV,Up,17175,Ping CLCANASMSOT01,0 msec
21490,CLCANASMSIT01 - 10.225.0.250,CCTV,Up,18113,Ping,0 msec
21491,CLCANASMSIT02 - 10.225.0.251,CCTV,Up,18100,Ping,0 msec
21492,CLCANASMSIT02 - 10.225.0.251,CCTV,Up,18109,CPU Load,0 %
21493,CLCANASMCCIT01 - 10.225.30.6,CCTV,Up,18127,Ping,0 msec
21494,CLOIOSASMCCIT01 - 10.225.30.7,CCTV,Up,18139,Ping,0 msec
21495,CLOJOSASMCCOT01 - 10.225.30.23,CCTV,Up,18160,Ping,0 msec
21496,CLCANASMSOT02 - 10.225.11.251,CCTV,Up,18187,Ping,0 msec
21497,CLCANASMSOT02 - 10.225.11.251,CCTV,Up,18196,CPU Load,0 %
21498,CLOJOSASMSIT01 - 10.231.0.250,CCTV,Up,18201,Ping,0 msec
21499,CLOJOSASMSIT02 - 10.231.0.251,CCTV,Up,18214,Ping,0 msec
21500,CLOJOSASMSIT02 - 10.231.0.251,CCTV,Up,18223,CPU Load,0 %
21501,CLOJOSASMSOT01 - 10.231.10.250,CCTV,Up,18227,Ping,0 msec
21502,CLOJOSASMSOT02 - 10.231.10.251,CCTV,Up,18240,Ping,0 msec
21503,CLOJOSASMSOT02 - 10.231.10.251,CCTV,Up,18249,CPU Load,0 %
21504,CLCANASMCCOT01 -  10.225.30.22,CCTV,Up,18154,Ping,0 msec
21505,CLOIOSASMCCIT01 - 10.225.30.7,CCTV,Up,18147,CPU Load,2 %
21506,CLCANASMCCOT01 -  10.225.30.22,CCTV,Up,18163,CPU Load,2 %
21507,CLOJOSASMSOT01 - 10.231.10.250,CCTV,Up,18236,CPU Load,1 %
21508,CLCANASMSOT01 - 10.225.11.250,CCTV,Up,17185,CPU Load,2 %
21509,CLOJOSASMCCOT01 - 10.225.30.23,CCTV,Up,18171,CPU Load,1 %
21510,CLOJOSASMSIT01 - 10.231.0.250,CCTV,Up,18210,CPU Load,2 %
21511,CLCANASMSIT01 - 10.225.0.250,CCTV,Up,18122,CPU Load,5 %
21512,CLCANASMCCIT01 - 10.225.30.6,CCTV,Up,18135,CPU Load,9 %
21513,CLCANASMSIT01 - 10.225.0.250,CCTV,Up,18121,Disk Free: F:\ Label:Media Disk Antiguo 4 TB  Serial Number ac60d58b,10 %
21514,CLOJOSASMSOT01 - 10.231.10.250,CCTV,Up,18235,Disk Free: F:\ Label:Medio Disk Antiguo 6 TB  Serial Number 365984fc,10 %
21515,CLOJOSASMSOT01 - 10.231.10.250,CCTV,Up,18234,Disk Free: E:\ Label:Media Disk Nuevo 16 TB  Serial Number 96d757a6,10 %
21516,CLCANASMSIT01 - 10.225.0.250,CCTV,Up,18120,Disk Free: E:\ Label:Media Disks Nuevo 16 TB  Serial Number aef8e81c,10 %
21517,CLOJOSASMCCOT01 - 10.225.30.23,CCTV,Up,18175,RDP (Remote Desktop),14 msec
21518,CLOIOSASMCCIT01 - 10.225.30.7,CCTV,Up,18151,RDP (Remote Desktop),14 msec
21519,CLCANASMSOT02 - 10.225.11.251,CCTV,Up,18199,RDP (Remote Desktop),12 msec
21520,CLCANASMSOT01 - 10.225.11.250,CCTV,Up,17188,RDP (Remote Desktop),15 msec
21521,CLCANASMSIT01 - 10.225.0.250,CCTV,Up,18125,RDP (Remote Desktop),14 msec
21522,CLCANASMSIT02 - 10.225.0.251,CCTV,Up,18112,RDP (Remote Desktop),14 msec
21523,CLCANASMCCIT01 - 10.225.30.6,CCTV,Up,18150,RDP (Remote Desktop),14 msec
21524,CLCANASMCCOT01 -  10.225.30.22,CCTV,Up,18174,RDP (Remote Desktop),14 msec
21525,CLOJOSASMSIT02 - 10.231.0.251,CCTV,Up,18253,RDP (Remote Desktop),15 msec
21526,CLOJOSASMSOT02 - 10.231.10.251,CCTV,Up,18255,RDP (Remote Desktop),14 msec
21527,CLOJOSASMSOT01 - 10.231.10.250,CCTV,Up,18254,RDP (Remote Desktop),15 msec
21528,CLCANASMSIT01 - 10.225.0.250,CCTV,Up,18119,Disk Free: C:\ Label:  Serial Number a2f6e70d,30 %
21529,CLOJOSASMSIT01 - 10.231.0.250,CCTV,Up,18252,RDP (Remote Desktop),14 msec
21530,CLOJOSASMSIT01 - 10.231.0.250,CCTV,Up,18208,Disk Free: E:\ Label:Media Disk Nuevo 16 TB  Serial Number a491daec,44 %
21531,CLCANASMSOT01 - 10.225.11.250,CCTV,Up,17186,Memory: Virtual Memory,55 %
21532,CLCANASMSOT01 - 10.225.11.250,CCTV,Up,17183,Disk Free: E:\ Label:Media Disk Nuevo 16 TB  Serial Number 2c2cfb17,55 %
21533,CLCANASMSOT01 - 10.225.11.250,CCTV,Up,17187,Memory: Physical Memory,57 %
21534,CLCANASMSIT01 - 10.225.0.250,CCTV,Up,18124,Memory: Physical Memory,58 %
21535,CLOJOSASMSIT01 - 10.231.0.250,CCTV,Up,18211,Memory: Virtual Memory,61 %
21536,CLOJOSASMSIT01 - 10.231.0.250,CCTV,Up,18212,Memory: Physical Memory,63 %
21537,CLOJOSASMSOT01 - 10.231.10.250,CCTV,Up,18238,Memory: Physical Memory,64 %
21538,CLOJOSASMSOT01 - 10.231.10.250,CCTV,Up,18233,Disk Free: C:\ Label:  Serial Number a2f6e70d,67 %
21539,CLOJOSASMSOT01 - 10.231.10.250,CCTV,Up,18237,Memory: Virtual Memory,69 %
21540,CLCANASMSIT01 - 10.225.0.250,CCTV,Up,18123,Memory: Virtual Memory,68 %
21541,CLOIOSASMCCIT01 - 10.225.30.7,CCTV,Up,18149,Memory: Physical Memory,73 %
21542,CLCANASMCCIT01 - 10.225.30.6,CCTV,Up,18137,Memory: Physical Memory,74 %
21543,CLCANASMSOT01 - 10.225.11.250,CCTV,Up,17182,Disk Free: C:\ Label:  Serial Number a2f6e70d,76 %
21544,CLOJOSASMCCOT01 - 10.225.30.23,CCTV,Up,18173,Memory: Physical Memory,76 %
21545,CLCANASMCCOT01 -  10.225.30.22,CCTV,Up,18169,Memory: Physical Memory,76 %
21546,CLOIOSASMCCIT01 - 10.225.30.7,CCTV,Up,18148,Memory: Virtual Memory,78 %
21547,CLCANASMCCIT01 - 10.225.30.6,CCTV,Up,18136,Memory: Virtual Memory,79 %
21548,CLCANASMCCOT01 -  10.225.30.22,CCTV,Up,18168,Memory: Virtual Memory,81 %
21549,CLOJOSASMCCOT01 - 10.225.30.23,CCTV,Up,18172,Memory: Virtual Memory,80 %
21550,CLOJOSASMSIT01 - 10.231.0.250,CCTV,Up,18207,Disk Free: C:\ Label:  Serial Number a2f6e70d,83 %
21551,CLCANASMCCIT01 - 10.225.30.6,CCTV,Up,18134,Disk Free: C:\ Label:  Serial Number a2f6e70d,83 %
21552,CLCANASMCCOT01 -  10.225.30.22,CCTV,Up,18162,Disk Free: C:\ Label:  Serial Number a2f6e70d,83 %
21553,CLCANASMSIT02 - 10.225.0.251,CCTV,Up,18111,Memory: Physical Memory,84 %
21554,CLOJOSASMSOT02 - 10.231.10.251,CCTV,Up,18246,Disk Free: C:\ Label:  Serial Number a2f6e70d,84 %
21555,CLCANASMSOT02 - 10.225.11.251,CCTV,Up,18198,Memory: Physical Memory,85 %
21556,CLCANASMSIT02 - 10.225.0.251,CCTV,Up,18106,Disk Free: C:\ Label:  Serial Number a2f6e70d,85 %
21557,CLCANASMSOT02 - 10.225.11.251,CCTV,Up,18193,Disk Free: C:\ Label:  Serial Number a2f6e70d,85 %
21558,CLOJOSASMSIT02 - 10.231.0.251,CCTV,Up,18220,Disk Free: C:\ Label:  Serial Number a2f6e70d,85 %
21559,CLOJOSASMCCOT01 - 10.225.30.23,CCTV,Up,18170,Disk Free: C:\ Label:  Serial Number a2f6e70d,85 %
21560,CLOIOSASMCCIT01 - 10.225.30.7,CCTV,Up,18146,Disk Free: C:\ Label:  Serial Number a2f6e70d,86 %
21561,CLOJOSASMSOT02 - 10.231.10.251,CCTV,Up,18251,Memory: Physical Memory,86 %
21562,CLOJOSASMSIT02 - 10.231.0.251,CCTV,Up,18225,Memory: Physical Memory,87 %
21563,CLCANASMSIT02 - 10.225.0.251,CCTV,Up,18110,Memory: Virtual Memory,88 %
21564,CLCANASMSOT02 - 10.225.11.251,CCTV,Up,18197,Memory: Virtual Memory,88 %
21565,CLOJOSASMSOT02 - 10.231.10.251,CCTV,Up,18250,Memory: Virtual Memory,90 %
21566,CLOJOSASMSIT02 - 10.231.0.251,CCTV,Up,18224,Memory: Virtual Memory,90 %
21567,CLCANASMSIT02 - 10.225.0.251,CCTV,Up,18107,Disk Free: E:\ Label:Media Disk Nuevo 16TB  Serial Number 4431b431,94 %
21568,CLOJOSASMSOT02 - 10.231.10.251,CCTV,Up,18247,Disk Free: E:\ Label:Media Disk Nuevo 16 TB  Serial Number 2a2a2d13,94 %
21569,CLOJOSASMSIT02 - 10.231.0.251,CCTV,Up,18221,Disk Free: E:\ Label:Media Disk Nuevo 16 TB R1  Serial Number 76bc0f30,>99 %
21570,CLCANASMSOT02 - 10.225.11.251,CCTV,Up,18194,Disk Free: E:\ Label:Media Disk Nuevo 16 TB  Serial Number 5c5b9198,>99 %
21571,CLCANASMSOT02 - 10.225.11.251,CCTV,Up,18195,Disk Free: F:\ Label:Media Disk Antiguo 4 TB  Serial Number fabeb7f7,>99 %
21572,CLOJOSASMSIT02 - 10.231.0.251,CCTV,Up,18222,Disk Free: F:\ Label:Media Disk Antiguo 6 TB R1  Serial Number 40fb23f1,>99 %
21573,CLOJOSASMSOT02 - 10.231.10.251,CCTV,Up,18248,Disk Free: F:\ Label:Media Disk Antiguo 6 TB  Serial Number 22728520,>99 %
21574,CLCANASMSOT01 - 10.225.11.250,CCTV,Up,17184,Disk Free: F:\ Label:Media Disk Antiguo  4 TB  Serial Number 20a876d5,>99 %
21575,CLOJOSASMSIT01 - 10.231.0.250,CCTV,Up,18209,Disk Free: F:\ Label:Media Disk Antiguo 6 TB  Serial Number caea22bc,>99 %
21576,CLCANASMSIT02 - 10.225.0.251,CCTV,Up,18108,Disk Free: F:\ Label:Media Disk Antiguo 4 TB  Serial Number 54467a8e,>99 %
21577,CLOJOSASMSOT02 - 10.231.10.251,CCTV,Up,18243,(016) Ethernet1-WFP Native MAC Layer LightWeight Filter-0000 Traffic,29 kbit/s
21578,CLOJOSASMSOT02 - 10.231.10.251,CCTV,Up,18244,(017) Ethernet1-QoS Packet Scheduler-0000 Traffic,29 kbit/s
21579,CLOJOSASMSIT02 - 10.231.0.251,CCTV,Up,18219,(019) Ethernet1-WFP 802.3 MAC Layer LightWeight Filter-0000 Traffic,41 kbit/s
21580,CLOJOSASMSIT02 - 10.231.0.251,CCTV,Up,18217,(017) Ethernet1-WFP Native MAC Layer LightWeight Filter-0000 Traffic,41 kbit/s
21581,CLOJOSASMSIT02 - 10.231.0.251,CCTV,Up,18218,(018) Ethernet1-QoS Packet Scheduler-0000 Traffic,41 kbit/s
21582,CLOJOSASMSIT02 - 10.231.0.251,CCTV,Up,18216,(006) Ethernet1 Traffic,41 kbit/s
21583,CLOJOSASMSOT02 - 10.231.10.251,CCTV,Up,18242,(008) Ethernet1 Traffic,25 kbit/s
21584,CLOJOSASMSOT02 - 10.231.10.251,CCTV,Up,18245,(018) Ethernet1-WFP 802.3 MAC Layer LightWeight Filter-0000 Traffic,29 kbit/s
21585,CLOIOSASMCCIT01 - 10.225.30.7,CCTV,Up,18142,(016) Ethernet1-WFP Native MAC Layer LightWeight Filter-0000 Traffic,89 kbit/s
21586,CLOIOSASMCCIT01 - 10.225.30.7,CCTV,Up,18145,(019) Ethernet1-WFP 802.3 MAC Layer LightWeight Filter-0000 Traffic,89 kbit/s
21587,CLOIOSASMCCIT01 - 10.225.30.7,CCTV,Up,18144,(018) Ethernet1-QoS Packet Scheduler-0000 Traffic,89 kbit/s
21588,CLCANASMSIT02 - 10.225.0.251,CCTV,Up,18105,(018) Ethernet1-WFP 802.3 MAC Layer LightWeight Filter-0000 Traffic,94 kbit/s
21589,CLCANASMSIT02 - 10.225.0.251,CCTV,Up,18103,(016) Ethernet1-WFP Native MAC Layer LightWeight Filter-0000 Traffic,97 kbit/s
21590,CLCANASMSIT02 - 10.225.0.251,CCTV,Up,18104,(017) Ethernet1-QoS Packet Scheduler-0000 Traffic,97 kbit/s
21591,CLCANASMSOT02 - 10.225.11.251,CCTV,Up,18192,(018) Ethernet1-WFP 802.3 MAC Layer LightWeight Filter-0000 Traffic,98 kbit/s
21592,CLOIOSASMCCIT01 - 10.225.30.7,CCTV,Up,18143,(017) Ethernet1-Npcap Packet Driver (NPCAP)-0000 Traffic,92 kbit/s
21593,CLOIOSASMCCIT01 - 10.225.30.7,CCTV,Up,18141,(013) Ethernet1 Traffic,92 kbit/s
21594,CLCANASMSIT02 - 10.225.0.251,CCTV,Up,18102,(003) Ethernet1 Traffic,97 kbit/s
21595,CLCANASMCCOT01 -  10.225.30.22,CCTV,Up,18158,(017) Ethernet1-QoS Packet Scheduler-0000 Traffic,213 kbit/s
21596,CLCANASMCCOT01 -  10.225.30.22,CCTV,Up,18157,(016) Ethernet1-WFP Native MAC Layer LightWeight Filter-0000 Traffic,194 kbit/s
21597,CLCANASMCCOT01 -  10.225.30.22,CCTV,Up,18159,(018) Ethernet1-WFP 802.3 MAC Layer LightWeight Filter-0000 Traffic,194 kbit/s
21598,CLCANASMCCOT01 -  10.225.30.22,CCTV,Up,18156,(014) Ethernet1 Traffic,213 kbit/s
21599,CLCANASMSOT02 - 10.225.11.251,CCTV,Up,18190,(016) Ethernet1-WFP Native MAC Layer LightWeight Filter-0000 Traffic,99 kbit/s
21600,CLCANASMSOT02 - 10.225.11.251,CCTV,Up,18191,(017) Ethernet1-QoS Packet Scheduler-0000 Traffic,99 kbit/s
21601,CLCANASMSOT02 - 10.225.11.251,CCTV,Up,18189,(012) Ethernet1 Traffic,97 kbit/s
21602,CLOJOSASMCCOT01 - 10.225.30.23,CCTV,Up,18164,(003) Ethernet1 Traffic,161 kbit/s
21603,CLOJOSASMCCOT01 - 10.225.30.23,CCTV,Up,18166,(017) Ethernet1-QoS Packet Scheduler-0000 Traffic,161 kbit/s
21604,CLOJOSASMCCOT01 - 10.225.30.23,CCTV,Up,18165,(016) Ethernet1-WFP Native MAC Layer LightWeight Filter-0000 Traffic,161 kbit/s
21605,CLOJOSASMCCOT01 - 10.225.30.23,CCTV,Up,18167,(018) Ethernet1-WFP 802.3 MAC Layer LightWeight Filter-0000 Traffic,173 kbit/s
21606,CLOJOSASMSIT01 - 10.231.0.250,CCTV,Up,18202,Uptime,7 d 20 h
21607,CLOJOSASMSOT01 - 10.231.10.250,CCTV,Up,18228,Uptime,7 d 20 h
21608,CLOJOSASMSIT02 - 10.231.0.251,CCTV,Up,18215,Uptime,8 d 12 h
21609,CLCANASMSOT02 - 10.225.11.251,CCTV,Up,18188,Uptime,8 d 12 h
21610,CLOJOSASMSOT02 - 10.231.10.251,CCTV,Up,18241,Uptime,8 d 12 h
21611,CLCANASMCCOT01 -  10.225.30.22,CCTV,Up,18155,Uptime,8 d 13 h
21612,CLCANASMCCIT01 - 10.225.30.6,CCTV,Up,18128,Uptime,8 d 13 h
21613,CLCANASMSIT01 - 10.225.0.250,CCTV,Up,18114,Uptime,8 d 14 h
21614,CLOJOSASMCCOT01 - 10.225.30.23,CCTV,Up,18161,Uptime,8 d 14 h
21615,CLOIOSASMCCIT01 - 10.225.30.7,CCTV,Up,18140,Uptime,8 d 15 h
21616,CLCANASMSIT02 - 10.225.0.251,CCTV,Up,18101,Uptime,8 d 15 h
21617,CLCANASMCCIT01 - 10.225.30.6,CCTV,Up,18131,(018) Ethernet1-Npcap Packet Driver (NPCAP)-0000 Traffic,24.868 kbit/s
21618,CLCANASMCCIT01 - 10.225.30.6,CCTV,Up,18130,(017) Ethernet1-WFP Native MAC Layer LightWeight Filter-0000 Traffic,24.872 kbit/s
21619,CLCANASMCCIT01 - 10.225.30.6,CCTV,Up,18132,(019) Ethernet1-QoS Packet Scheduler-0000 Traffic,24.773 kbit/s
21620,CLCANASMCCIT01 - 10.225.30.6,CCTV,Up,18133,(020) Ethernet1-WFP 802.3 MAC Layer LightWeight Filter-0000 Traffic,24.485 kbit/s
21621,CLCANASMCCIT01 - 10.225.30.6,CCTV,Up,18129,(004) Ethernet1 Traffic,24.926 kbit/s
21622,CLCANASMSOT01 - 10.225.11.250,CCTV,Up,17177,Uptime,169 d
21623,CLOJOSASMSOT01 - 10.231.10.250,CCTV,Up,18229,(005) Ethernet1 Traffic,124.075 kbit/s
21624,CLOJOSASMSOT01 - 10.231.10.250,CCTV,Up,18231,(017) Ethernet1-QoS Packet Scheduler-0000 Traffic,124.073 kbit/s
21625,CLOJOSASMSOT01 - 10.231.10.250,CCTV,Up,18230,(016) Ethernet1-WFP Native MAC Layer LightWeight Filter-0000 Traffic,124.062 kbit/s
21626,CLOJOSASMSOT01 - 10.231.10.250,CCTV,Up,18232,(018) Ethernet1-WFP 802.3 MAC Layer LightWeight Filter-0000 Traffic,124.062 kbit/s
21627,CLOJOSASMSIT01 - 10.231.0.250,CCTV,Up,18206,(019) Ethernet1-WFP 802.3 MAC Layer LightWeight Filter-0000 Traffic,166.557 kbit/s
21628,CLOJOSASMSIT01 - 10.231.0.250,CCTV,Up,18203,(008) Ethernet1 Traffic,167.282 kbit/s
21629,CLOJOSASMSIT01 - 10.231.0.250,CCTV,Up,18205,(018) Ethernet1-QoS Packet Scheduler-0000 Traffic,167.282 kbit/s
21630,CLOJOSASMSIT01 - 10.231.0.250,CCTV,Up,18204,(017) Ethernet1-WFP Native MAC Layer LightWeight Filter-0000 Traffic,167.282 kbit/s
21631,CLCANASMSOT01 - 10.225.11.250,CCTV,Up,17181,(018) Ethernet1-WFP 802.3 MAC Layer LightWeight Filter-0000 Traffic,318.716 kbit/s
21632,CLCANASMSOT01 - 10.225.11.250,CCTV,Up,17180,(017) Ethernet1-QoS Packet Scheduler-0000 Traffic,318.822 kbit/s
21633,CLCANASMSOT01 - 10.225.11.250,CCTV,Up,17179,(016) Ethernet1-WFP Native MAC Layer LightWeight Filter-0000 Traffic,318.769 kbit/s
21634,CLCANASMSOT01 - 10.225.11.250,CCTV,Up,17178,(005) Ethernet1 Traffic,320.187 kbit/s
21635,CLCANASMSIT01 - 10.225.0.250,CCTV,Up,18115,(013) Ethernet1 Traffic,298.937 kbit/s
21636,CLCANASMSIT01 - 10.225.0.250,CCTV,Up,18116,(017) Ethernet1-WFP Native MAC Layer LightWeight Filter-0000 Traffic,298.938 kbit/s
21637,CLCANASMSIT01 - 10.225.0.250,CCTV,Up,18117,(018) Ethernet1-QoS Packet Scheduler-0000 Traffic,298.491 kbit/s
21638,CLCANASMSIT01 - 10.225.0.250,CCTV,Up,18118,(019) Ethernet1-WFP 802.3 MAC Layer LightWeight Filter-0000 Traffic,298.540 kbit/s
21639,CLCANASMSOT01 - 10.225.11.250,CCTV,Up,18322,Service Video Management System Server,Active
21640,CLCANASMSIT01 - 10.225.0.250,CCTV,Up,18323,Service Video Management System Server,Active
21641,CLCANASMSIT02 - 10.225.0.251,CCTV,Up,18324,Service Video Management System Server,Active
21642,CLCANASMCCIT01 - 10.225.30.6,CCTV,Up,18325,Service Video Management System Server,Active
21643,CLOIOSASMCCIT01 - 10.225.30.7,CCTV,Up,18326,Service Video Management System Server,Active
21644,CLCANASMCCOT01 -  10.225.30.22,CCTV,Up,18327,Service Video Management System Server,Active
21645,CLOJOSASMCCOT01 - 10.225.30.23,CCTV,Up,18328,Service Video Management System Server,Active
21646,CLCANASMSOT02 - 10.225.11.251,CCTV,Up,18329,Service Video Management System Server,Active
21647,CLOJOSASMSIT01 - 10.231.0.250,CCTV,Up,18330,Service Video Management System Server,Active
21648,CLOJOSASMSIT02 - 10.231.0.251,CCTV,Up,18331,Service Video Management System Server,Active
21649,CLOJOSASMSOT01 - 10.231.10.250,CCTV,Up,18332,Service Video Management System Server,Active
21650,CLOJOSASMSOT02 - 10.231.10.251,CCTV,Up,18333,Service Video Management System Server,Active
